{"path":"./playground/assets/components","name":"components","children":[{"path":"assets\\components\\fs-input-component","name":"fs-input-component","children":[{"path":"assets\\components\\fs-input-component\\fs-input-component.component.html","name":"fs-input-component.component.html","size":62,"extension":".html","type":"file"},{"path":"assets\\components\\fs-input-component\\fs-input-component.component.ts","name":"fs-input-component.component.ts","size":211,"extension":".ts","type":"file"},{"path":"assets\\components\\fs-input-component\\index.ts","name":"index.ts","size":49,"extension":".ts","type":"file"}],"size":322,"type":"directory"},{"path":"assets\\components\\fs-radio-component","name":"fs-radio-component","children":[{"path":"assets\\components\\fs-radio-component\\fs-radio-component.component.css","name":"fs-radio-component.component.css","size":22,"extension":".css","type":"file"},{"path":"assets\\components\\fs-radio-component\\fs-radio-component.component.html","name":"fs-radio-component.component.html","size":62,"extension":".html","type":"file"},{"path":"assets\\components\\fs-radio-component\\fs-radio-component.component.ts","name":"fs-radio-component.component.ts","size":261,"extension":".ts","type":"file"}],"size":345,"type":"directory"}],"size":667,"type":"directory"}